epoch,time,train/box_loss,train/cls_loss,train/dfl_loss,metrics/precision(B),metrics/recall(B),metrics/mAP50(B),metrics/mAP50-95(B),val/box_loss,val/cls_loss,val/dfl_loss,lr/pg0,lr/pg1,lr/pg2
1,230.412,2.39722,5.64057,2.55852,0.00122,0.21208,0.00069,0.00027,3.26999,inf,44.5322,0.000414644,0.000414644,0.000414644
2,455.87,2.65008,4.36395,2.74319,0.72678,0.09722,0.03123,0.00997,nan,nan,nan,0.000827196,0.000827196,0.000827196
3,679.344,2.66862,4.36788,2.68573,0.00233,0.63292,0.03058,0.0122,nan,nan,nan,0.00123562,0.00123562,0.00123562
4,901.973,2.63953,4.40005,2.71048,0.74466,0.07292,0.04742,0.02206,2.83297,4.92405,2.92334,0.00123144,0.00123144,0.00123144
5,1124.84,2.59219,4.14331,2.68698,0.79313,0.10069,0.07948,0.02674,2.69523,4.75916,3.02344,0.00122525,0.00122525,0.00122525
6,1347.79,2.53444,4.17122,2.59142,0.78363,0.11111,0.07234,0.02216,2.63772,5.00281,2.78843,0.00121906,0.00121906,0.00121906
7,1569,2.458,4.0932,2.6072,0.77839,0.10329,0.09271,0.03524,2.34401,3.79358,2.54228,0.00121287,0.00121287,0.00121287
8,1789.28,2.40344,4.04632,2.54987,0.73194,0.10764,0.06338,0.02084,2.28966,3.68606,2.54631,0.00120669,0.00120669,0.00120669
9,2008.74,2.47002,4.05284,2.61409,0.7628,0.10069,0.09051,0.03468,2.6165,4.18678,2.85905,0.0012005,0.0012005,0.0012005
10,2228.48,2.37304,3.89695,2.54034,0.71783,0.08681,0.07043,0.02993,2.26676,3.72943,2.5654,0.00119431,0.00119431,0.00119431
11,2448.67,2.38429,3.89349,2.50412,0.82364,0.13889,0.14216,0.05411,2.23298,3.40873,2.42084,0.00118812,0.00118812,0.00118812
12,2670.06,2.32404,3.87403,2.47747,0.82745,0.10764,0.13829,0.05596,2.10267,3.3755,2.3055,0.00118194,0.00118194,0.00118194
13,2891.64,2.26466,3.76388,2.47758,0.4941,0.10999,0.1247,0.05688,2.16489,3.51668,2.41177,0.00117575,0.00117575,0.00117575
14,3112.6,2.29391,3.79734,2.43195,0.75179,0.07292,0.1094,0.04559,2.16613,3.44298,2.39856,0.00116956,0.00116956,0.00116956
15,3333.62,2.28934,3.70903,2.43421,0.78164,0.125,0.11961,0.04661,2.21701,3.5254,2.43865,0.00116337,0.00116337,0.00116337
16,3553.95,2.26496,3.74708,2.42791,0.79322,0.13194,0.12934,0.06272,2.06167,3.30233,2.35166,0.00115719,0.00115719,0.00115719
17,3775.02,2.20513,3.63592,2.37755,0.85285,0.13542,0.17731,0.07175,2.09121,3.17447,2.31955,0.001151,0.001151,0.001151
18,3995.86,2.25325,3.77657,2.41185,0.11077,0.16653,0.13355,0.0606,2.07039,3.1278,2.33657,0.00114481,0.00114481,0.00114481
19,4216.71,2.21235,3.61927,2.39633,0.81979,0.12847,0.15876,0.06812,1.99098,3.3048,2.25711,0.00113863,0.00113863,0.00113863
20,4437.1,2.21567,3.54959,2.37231,0.77175,0.11806,0.16518,0.07181,2.03668,3.15474,2.32408,0.00113244,0.00113244,0.00113244
21,4659.32,2.21268,3.54244,2.38561,0.78981,0.10764,0.13288,0.05188,1.92812,3.20398,2.24773,0.00112625,0.00112625,0.00112625
22,4879.06,2.21522,3.56231,2.3176,0.86067,0.12153,0.16454,0.06927,2.03755,3.18741,2.21877,0.00112006,0.00112006,0.00112006
23,5100.92,2.22587,3.54469,2.40008,0.58902,0.22403,0.15359,0.07423,1.88244,3.09426,2.15282,0.00111388,0.00111388,0.00111388
24,5322.05,2.19848,3.54116,2.35336,0.47615,0.24431,0.14883,0.0677,1.94806,3.08647,2.24111,0.00110769,0.00110769,0.00110769
25,5542.46,2.14134,3.48104,2.31384,0.79442,0.13542,0.15499,0.06508,2.28117,3.35822,2.46305,0.0011015,0.0011015,0.0011015
26,5762.83,2.1234,3.48109,2.3197,0.56307,0.25111,0.21182,0.09555,1.866,2.85721,2.16707,0.00109531,0.00109531,0.00109531
27,5982.65,2.13887,3.50288,2.33262,0.81033,0.14236,0.23676,0.11036,1.9845,3.23622,2.21405,0.00108913,0.00108913,0.00108913
28,6202.78,2.15405,3.37468,2.32063,0.58889,0.26083,0.2437,0.11043,1.86767,2.86587,2.13483,0.00108294,0.00108294,0.00108294
29,6424.14,2.10688,3.31423,2.27719,0.53146,0.28273,0.25593,0.11511,2.00411,2.87741,2.23369,0.00107675,0.00107675,0.00107675
30,6646.19,2.13785,3.38494,2.34137,0.73624,0.18403,0.24105,0.11949,1.8582,3.08138,2.17001,0.00107056,0.00107056,0.00107056
31,6867.35,2.06221,3.26845,2.25678,0.60357,0.28167,0.27021,0.13217,1.81089,2.93806,2.09114,0.00106437,0.00106437,0.00106437
32,7089.15,2.0786,3.46052,2.27396,0.89029,0.15625,0.22538,0.10066,1.85846,2.87647,2.16445,0.00105819,0.00105819,0.00105819
33,7310.81,2.03795,3.3485,2.26924,0.52933,0.30847,0.2636,0.12824,2.02038,2.99796,2.29107,0.001052,0.001052,0.001052
34,7531.58,2.11364,3.34804,2.28302,0.72239,0.26347,0.29654,0.14884,1.90231,2.7182,2.13537,0.00104581,0.00104581,0.00104581
35,7752.77,2.06165,3.23002,2.2281,0.64688,0.27611,0.29068,0.14818,1.82438,2.66457,2.15395,0.00103962,0.00103962,0.00103962
36,7973.72,2.08342,3.20664,2.28695,0.79756,0.26706,0.32389,0.14816,1.90979,2.87802,2.23592,0.00103344,0.00103344,0.00103344
37,8195.59,2.0887,3.1342,2.28708,0.71829,0.26608,0.31571,0.15781,1.86684,2.86709,2.15096,0.00102725,0.00102725,0.00102725
38,8416.91,2.06423,3.15208,2.26127,0.77418,0.26613,0.34288,0.16046,1.93459,2.62976,2.23136,0.00102106,0.00102106,0.00102106
39,8637.52,2.07813,3.22808,2.29371,0.744,0.27556,0.33217,0.1736,1.81115,2.65727,2.12989,0.00101488,0.00101488,0.00101488
40,8859.12,2.05225,3.1058,2.267,0.73935,0.27478,0.33169,0.17408,1.90188,2.79057,2.20335,0.00100869,0.00100869,0.00100869
41,9080.84,2.03233,3.14406,2.2059,0.69576,0.28014,0.29979,0.15734,1.85356,2.72711,2.18288,0.0010025,0.0010025,0.0010025
42,9301.69,2.06691,3.09556,2.26196,0.66931,0.30014,0.30257,0.1409,1.921,2.77759,2.21458,0.000996313,0.000996313,0.000996313
43,9522.48,2.05004,3.21592,2.25472,0.79198,0.23432,0.3305,0.16542,1.8196,2.70957,2.12266,0.000990125,0.000990125,0.000990125
44,9744.35,2.04236,3.0675,2.24634,0.77822,0.26056,0.34051,0.1788,1.81005,2.67485,2.10276,0.000983938,0.000983938,0.000983938
45,9966.3,2.02975,3.04523,2.21323,0.76362,0.29958,0.34258,0.17551,1.8215,2.59609,2.16152,0.00097775,0.00097775,0.00097775
46,10187.8,2.05536,3.06345,2.24181,0.7136,0.33108,0.36138,0.19341,1.8471,2.60423,2.11045,0.000971562,0.000971562,0.000971562
47,10408.2,2.00095,2.97329,2.17747,0.83448,0.28056,0.37018,0.19355,1.72073,2.57182,2.0805,0.000965375,0.000965375,0.000965375
48,10628.9,1.9749,3.03563,2.19609,0.76587,0.33549,0.35816,0.18975,1.77562,2.50988,2.08969,0.000959187,0.000959187,0.000959187
49,10849.5,1.96323,3.01763,2.17541,0.70591,0.28981,0.33837,0.17132,1.81229,2.53355,2.13623,0.000953,0.000953,0.000953
50,11070.3,1.96671,2.95122,2.21494,0.81279,0.33345,0.38346,0.20119,1.80286,2.4001,2.10659,0.000946812,0.000946812,0.000946812
51,11291.1,1.97408,2.94927,2.1978,0.76315,0.33819,0.36729,0.19819,1.70436,2.40728,2.0537,0.000940625,0.000940625,0.000940625
52,11512,2.00298,2.97391,2.21924,0.73672,0.3214,0.37199,0.18476,1.82936,2.56957,2.14987,0.000934438,0.000934438,0.000934438
53,11733.6,1.98791,2.92088,2.19971,0.74118,0.35042,0.38188,0.2034,1.79676,2.44171,2.11188,0.00092825,0.00092825,0.00092825
54,11955.6,1.9435,2.869,2.15104,0.75884,0.32542,0.3974,0.2002,1.71739,2.42025,2.05589,0.000922063,0.000922063,0.000922063
55,12177.7,1.9947,3.01706,2.1911,0.82945,0.29986,0.42503,0.2265,1.74308,2.39055,2.08308,0.000915875,0.000915875,0.000915875
56,12398.6,1.93714,2.85623,2.15417,0.78796,0.32764,0.40849,0.21391,1.73011,2.29149,2.02723,0.000909688,0.000909688,0.000909688
57,12618.8,1.99911,2.89822,2.18166,0.77224,0.32375,0.38266,0.19834,1.80204,2.37234,2.06757,0.0009035,0.0009035,0.0009035
58,12839.6,1.95076,2.95027,2.16893,0.8256,0.29836,0.44198,0.22338,1.71227,2.22947,2.03717,0.000897313,0.000897313,0.000897313
59,13060.2,1.97875,2.84725,2.17176,0.77692,0.32694,0.3978,0.20216,1.79021,2.21948,2.07006,0.000891125,0.000891125,0.000891125
60,13281.6,1.95371,2.78712,2.16913,0.81498,0.32819,0.41202,0.21439,1.73872,2.29156,2.02685,0.000884938,0.000884938,0.000884938
61,13501.9,1.93636,2.73587,2.16282,0.74972,0.34133,0.40437,0.22227,1.73221,2.30539,2.07661,0.00087875,0.00087875,0.00087875
62,13723.6,1.98005,2.81488,2.19104,0.82174,0.33167,0.41172,0.21771,1.679,2.3178,2.02354,0.000872563,0.000872563,0.000872563
63,13944.1,1.93034,2.72217,2.14684,0.76054,0.36363,0.43595,0.24196,1.73162,2.22074,2.05303,0.000866375,0.000866375,0.000866375
64,14164.7,1.89982,2.78654,2.11898,0.75436,0.37973,0.41704,0.2259,1.70928,2.24718,2.03996,0.000860188,0.000860188,0.000860188
65,14384.7,1.94316,2.84898,2.16766,0.70874,0.38839,0.44587,0.2413,1.6965,2.22676,2.01612,0.000854,0.000854,0.000854
66,14604,1.96375,2.83409,2.17913,0.72935,0.37291,0.43699,0.23428,1.69716,2.35114,2.02023,0.000847813,0.000847813,0.000847813
67,14824.4,1.94712,2.76702,2.15108,0.82237,0.34727,0.42113,0.21476,1.80281,2.22384,2.10058,0.000841625,0.000841625,0.000841625
68,15045.2,1.90197,2.72802,2.11924,0.71213,0.40046,0.44308,0.23144,1.71967,2.16072,2.03096,0.000835438,0.000835438,0.000835438
69,15266.4,1.84058,2.59433,2.07968,0.73596,0.39149,0.43935,0.23521,1.69922,2.19983,2.03479,0.00082925,0.00082925,0.00082925
70,15487,1.87452,2.73076,2.0831,0.68548,0.43991,0.47543,0.23671,1.72647,2.15342,2.03901,0.000823063,0.000823063,0.000823063
71,15707.3,1.91929,2.68334,2.1201,0.77516,0.37125,0.43675,0.22558,1.71416,2.15715,2.06323,0.000816875,0.000816875,0.000816875
72,15927.9,1.86115,2.64016,2.07501,0.6717,0.3929,0.41056,0.22098,1.73647,2.22709,2.07556,0.000810688,0.000810688,0.000810688
73,16148.7,1.90314,2.74275,2.12475,0.67054,0.42782,0.45221,0.24666,1.68199,2.15916,2.02449,0.0008045,0.0008045,0.0008045
74,16369.7,1.8693,2.58171,2.08962,0.82904,0.34916,0.46079,0.24069,1.76801,2.16936,2.07454,0.000798313,0.000798313,0.000798313
75,16590.2,1.86894,2.665,2.10234,0.70315,0.41278,0.45384,0.25273,1.67071,2.10495,2.04137,0.000792125,0.000792125,0.000792125
76,16812.5,1.90202,2.67137,2.10652,0.7216,0.40445,0.43051,0.22782,1.72107,2.21811,2.05173,0.000785938,0.000785938,0.000785938
77,17032.8,1.86932,2.67055,2.09645,0.6829,0.3968,0.45891,0.25663,1.64684,2.02361,2.00499,0.00077975,0.00077975,0.00077975
78,17253.9,1.91369,2.63797,2.11913,0.68389,0.43645,0.4754,0.25322,1.70871,2.07693,2.02799,0.000773563,0.000773563,0.000773563
79,17473.8,1.90975,2.64537,2.07991,0.87842,0.3434,0.48909,0.25909,1.64785,2.03373,2.01191,0.000767375,0.000767375,0.000767375
80,17694.8,1.90637,2.7135,2.11462,0.81309,0.3488,0.45257,0.24754,1.65879,2.03868,1.98703,0.000761188,0.000761188,0.000761188
81,17915.6,1.85206,2.599,2.07437,0.78171,0.41397,0.46039,0.25042,1.65082,2.09567,1.98693,0.000755,0.000755,0.000755
82,18135.3,1.83685,2.55703,2.07026,0.85019,0.36339,0.5019,0.25469,1.68631,1.98432,2.02538,0.000748813,0.000748813,0.000748813
83,18356.3,1.81221,2.60126,2.03764,0.76836,0.4325,0.49997,0.26663,1.58912,2.05014,1.96276,0.000742625,0.000742625,0.000742625
84,18576.7,1.86097,2.5468,2.10287,0.7557,0.4425,0.47187,0.26212,1.68298,1.98536,1.9945,0.000736438,0.000736438,0.000736438
85,18796.3,1.85772,2.49956,2.08686,0.5958,0.47427,0.50121,0.27273,1.64137,2.0389,1.99464,0.00073025,0.00073025,0.00073025
86,19017.2,1.8399,2.41469,2.05963,0.51176,0.46874,0.48653,0.27144,1.64817,1.9639,1.99371,0.000724062,0.000724062,0.000724062
87,19237,1.84526,2.56466,2.07249,0.72284,0.41354,0.48491,0.27624,1.61937,2.0315,1.99454,0.000717875,0.000717875,0.000717875
88,19457.5,1.80559,2.4483,2.00675,0.64885,0.49257,0.50483,0.27443,1.65345,1.91699,2.00111,0.000711687,0.000711687,0.000711687
89,19679.6,1.78531,2.44907,2.01507,0.78951,0.41875,0.46894,0.25357,1.70845,1.99702,2.06185,0.0007055,0.0007055,0.0007055
90,19899.1,1.81708,2.59585,2.07316,0.65648,0.4319,0.48122,0.2616,1.69138,2.03565,2.01696,0.000699312,0.000699312,0.000699312
91,20118.5,1.8577,2.54126,2.05351,0.59963,0.46039,0.50639,0.28131,1.63226,1.9714,1.97426,0.000693125,0.000693125,0.000693125
92,20339.5,1.83608,2.47784,2.04951,0.81359,0.40486,0.49743,0.27857,1.66363,1.95677,1.98056,0.000686937,0.000686937,0.000686937
93,20560.5,1.84,2.51803,2.05469,0.6982,0.40905,0.48101,0.27095,1.6043,1.97997,1.96186,0.00068075,0.00068075,0.00068075
94,20780.4,1.79711,2.4022,2.01981,0.7226,0.45042,0.51435,0.29854,1.67777,1.86245,2.01212,0.000674562,0.000674562,0.000674562
95,21001.4,1.84351,2.5885,2.05875,0.83056,0.44622,0.5465,0.30789,1.62507,1.87705,1.97538,0.000668375,0.000668375,0.000668375
96,21221.4,1.7799,2.41824,2.02052,0.80783,0.45573,0.51415,0.28774,1.65343,1.88103,2.00929,0.000662188,0.000662188,0.000662188
97,21442.2,1.73833,2.4209,1.97524,0.79675,0.41972,0.51794,0.29215,1.6122,1.77623,1.97463,0.000656,0.000656,0.000656
98,21662.7,1.82469,2.47929,2.02843,0.71102,0.48367,0.54011,0.29911,1.6134,1.81508,1.95584,0.000649813,0.000649813,0.000649813
99,21883.6,1.72206,2.33306,1.95773,0.85368,0.44054,0.53731,0.29486,1.60105,1.86737,1.93585,0.000643625,0.000643625,0.000643625
100,22103.9,1.79696,2.34449,2.02563,0.64206,0.5023,0.55286,0.30465,1.57868,1.88311,1.90646,0.000637437,0.000637437,0.000637437
101,22325.1,1.77597,2.3863,1.99627,0.67558,0.48806,0.53942,0.30336,1.59877,1.83589,1.94164,0.00063125,0.00063125,0.00063125
102,22545.7,1.78033,2.27705,2.0007,0.71377,0.47036,0.54151,0.30079,1.57448,1.8581,1.92636,0.000625062,0.000625062,0.000625062
103,22766.6,1.7964,2.48495,2.02431,0.51136,0.52208,0.56161,0.32192,1.57212,1.7574,1.93252,0.000618875,0.000618875,0.000618875
104,22988.1,1.7865,2.47735,2.00914,0.79068,0.50431,0.59201,0.3069,1.63606,1.76992,1.95952,0.000612687,0.000612687,0.000612687
105,23209.1,1.7676,2.35777,2.02817,0.80067,0.44667,0.51236,0.28767,1.60721,1.81877,1.96166,0.0006065,0.0006065,0.0006065
106,23429.6,1.74958,2.38592,2.00423,0.61383,0.47475,0.52424,0.29646,1.58506,1.78096,1.92658,0.000600313,0.000600313,0.000600313
107,23652.7,1.75747,2.39143,2.01525,0.65486,0.48756,0.55028,0.3016,1.58827,1.79942,1.9451,0.000594125,0.000594125,0.000594125
108,23874.7,1.7028,2.30033,1.96486,0.64368,0.50982,0.56973,0.31245,1.62134,1.81144,1.94097,0.000587938,0.000587938,0.000587938
109,24097.5,1.76455,2.33603,2.01869,0.70273,0.5287,0.56707,0.33062,1.55892,1.7519,1.92509,0.00058175,0.00058175,0.00058175
110,24319.9,1.78743,2.26308,2.01837,0.65394,0.5501,0.56451,0.31804,1.61392,1.73169,1.98129,0.000575563,0.000575563,0.000575563
111,24541.8,1.72631,2.35562,1.97567,0.66387,0.50885,0.55854,0.32252,1.58221,1.83524,1.94211,0.000569375,0.000569375,0.000569375
112,24762.5,1.72393,2.23369,1.96044,0.64017,0.53903,0.56026,0.31316,1.54851,1.81373,1.89175,0.000563187,0.000563187,0.000563187
113,24982.6,1.7649,2.31539,1.98908,0.71134,0.47444,0.54619,0.3095,1.63956,1.83307,1.98833,0.000557,0.000557,0.000557
114,25202.9,1.70353,2.20072,1.955,0.63493,0.54639,0.56351,0.32695,1.55322,1.74104,1.91785,0.000550813,0.000550813,0.000550813
115,25424.2,1.73515,2.28266,1.97155,0.85287,0.45839,0.55319,0.31942,1.53175,1.72933,1.92076,0.000544625,0.000544625,0.000544625
116,25645.4,1.73799,2.22596,1.97754,0.58546,0.53958,0.57327,0.33587,1.52204,1.74304,1.88973,0.000538438,0.000538438,0.000538438
117,25866.5,1.73402,2.35216,1.96429,0.87155,0.45603,0.57366,0.34015,1.49667,1.7324,1.87665,0.00053225,0.00053225,0.00053225
118,26087.4,1.73552,2.27411,2.0016,0.84331,0.44388,0.57844,0.329,1.51575,1.70538,1.89042,0.000526063,0.000526063,0.000526063
119,26307.5,1.73501,2.22076,1.98804,0.64818,0.48684,0.56452,0.33527,1.55334,1.71486,1.91315,0.000519875,0.000519875,0.000519875
120,26526.9,1.70581,2.2395,1.9588,0.58748,0.52125,0.56773,0.33436,1.5017,1.69557,1.86549,0.000513688,0.000513688,0.000513688
121,26747.5,1.66026,2.24765,1.92827,0.82953,0.49187,0.60549,0.35634,1.52469,1.65516,1.89452,0.0005075,0.0005075,0.0005075
122,26969.2,1.69252,2.15212,1.92668,0.75848,0.49251,0.58328,0.34379,1.52613,1.65568,1.91151,0.000501313,0.000501313,0.000501313
123,27189.1,1.6963,2.24457,1.93365,0.73376,0.55236,0.61867,0.36544,1.50168,1.64581,1.89015,0.000495125,0.000495125,0.000495125
124,27409.3,1.65301,2.09938,1.90645,0.75533,0.53611,0.61072,0.35281,1.53104,1.64248,1.92051,0.000488938,0.000488938,0.000488938
125,27631.1,1.6732,2.19312,1.92026,0.62461,0.52181,0.55929,0.34378,1.52253,1.73848,1.87138,0.00048275,0.00048275,0.00048275
126,27852.1,1.64099,2.12079,1.92156,0.61936,0.53404,0.57657,0.34604,1.52259,1.6155,1.90601,0.000476562,0.000476562,0.000476562
127,28072.3,1.67252,2.23471,1.92574,0.87679,0.44822,0.58664,0.36334,1.52967,1.65513,1.89327,0.000470375,0.000470375,0.000470375
128,28292.9,1.66278,2.1499,1.91935,0.79388,0.48267,0.61234,0.36477,1.51528,1.53253,1.89003,0.000464188,0.000464188,0.000464188
129,28513,1.6729,2.0847,1.94549,0.73737,0.47786,0.5937,0.35172,1.51141,1.57633,1.87372,0.000458,0.000458,0.000458
130,28734,1.69626,2.12956,1.96662,0.63878,0.53821,0.57807,0.34749,1.4802,1.6018,1.8987,0.000451813,0.000451813,0.000451813
131,28955.6,1.65124,2.10217,1.91065,0.80644,0.49356,0.59036,0.35883,1.48477,1.60391,1.89392,0.000445625,0.000445625,0.000445625
132,29176.6,1.6794,2.15345,1.94361,0.57858,0.6182,0.62801,0.36922,1.51291,1.57511,1.88325,0.000439437,0.000439437,0.000439437
133,29396.7,1.66878,2.19466,1.93767,0.85676,0.50635,0.61512,0.37386,1.47028,1.55117,1.87394,0.00043325,0.00043325,0.00043325
134,29618.1,1.61047,2.06556,1.88602,0.849,0.49929,0.61274,0.36418,1.52364,1.55246,1.88508,0.000427062,0.000427062,0.000427062
135,29839.2,1.63128,2.10897,1.91416,0.60477,0.56347,0.60579,0.37102,1.46826,1.59458,1.8637,0.000420875,0.000420875,0.000420875
136,30059.9,1.63876,2.11572,1.90983,0.85171,0.48719,0.60595,0.36031,1.48688,1.63606,1.86526,0.000414688,0.000414688,0.000414688
137,30281,1.6244,2.11969,1.8756,0.67115,0.59032,0.64103,0.37576,1.49425,1.55356,1.87652,0.0004085,0.0004085,0.0004085
138,30501.3,1.64344,2.06115,1.9029,0.76413,0.53327,0.62902,0.37875,1.44936,1.55046,1.85318,0.000402312,0.000402312,0.000402312
139,30722.3,1.56893,2.03799,1.84873,0.63061,0.58056,0.6142,0.36647,1.48196,1.54245,1.85407,0.000396125,0.000396125,0.000396125
140,30943.1,1.65709,2.12825,1.91942,0.76836,0.50806,0.60357,0.36368,1.4896,1.57155,1.88438,0.000389938,0.000389938,0.000389938
141,31164.1,1.65296,2.118,1.9135,0.72697,0.53519,0.61347,0.36655,1.46384,1.53224,1.81961,0.00038375,0.00038375,0.00038375
142,31385.6,1.60945,2.02144,1.89672,0.55221,0.61004,0.61115,0.37386,1.46564,1.54684,1.8399,0.000377563,0.000377563,0.000377563
143,31607,1.57668,2.01716,1.89111,0.68076,0.55993,0.60531,0.36056,1.44453,1.52829,1.84308,0.000371375,0.000371375,0.000371375
144,31828.6,1.59173,2.00066,1.86699,0.59311,0.60097,0.61939,0.3813,1.44444,1.53804,1.84711,0.000365188,0.000365188,0.000365188
145,32049.4,1.60337,1.94022,1.85889,0.703,0.55264,0.63952,0.38356,1.44862,1.51892,1.83777,0.000359,0.000359,0.000359
146,32270.4,1.56682,1.93424,1.84953,0.69449,0.60087,0.63733,0.39015,1.43647,1.53501,1.832,0.000352812,0.000352812,0.000352812
147,32492.4,1.60723,2.06066,1.86681,0.62651,0.63702,0.63378,0.37744,1.47719,1.48255,1.88721,0.000346625,0.000346625,0.000346625
148,32713.1,1.54114,1.88215,1.82303,0.72737,0.63903,0.65264,0.38862,1.47677,1.45833,1.87215,0.000340438,0.000340438,0.000340438
149,32934.8,1.53416,1.93453,1.82791,0.73652,0.57667,0.64333,0.38752,1.41988,1.46566,1.84899,0.00033425,0.00033425,0.00033425
150,33156.1,1.58177,2.04523,1.86295,0.74255,0.59206,0.65399,0.39608,1.47163,1.45062,1.86445,0.000328063,0.000328063,0.000328063
151,33378.2,1.58809,2.00227,1.86239,0.70226,0.53775,0.61448,0.38536,1.44182,1.49266,1.86607,0.000321875,0.000321875,0.000321875
152,33599,1.61247,1.97152,1.89917,0.62053,0.60417,0.59762,0.37663,1.43471,1.49162,1.85747,0.000315687,0.000315687,0.000315687
153,33819.7,1.5989,2.00178,1.89425,0.62546,0.62167,0.64442,0.39242,1.45058,1.46799,1.85376,0.0003095,0.0003095,0.0003095
154,34040,1.58458,2.00292,1.87211,0.65728,0.59056,0.63102,0.39759,1.41195,1.45056,1.86126,0.000303313,0.000303313,0.000303313
155,34261.6,1.59047,2.01397,1.85195,0.79996,0.56823,0.65541,0.40697,1.40938,1.41365,1.83812,0.000297125,0.000297125,0.000297125
156,34482.4,1.56035,1.98561,1.84241,0.75339,0.64466,0.66861,0.41547,1.38667,1.43113,1.82346,0.000290937,0.000290937,0.000290937
157,34702.9,1.53492,1.90433,1.82361,0.79961,0.55611,0.66671,0.4107,1.40787,1.42338,1.84552,0.00028475,0.00028475,0.00028475
158,34922.3,1.52692,1.86445,1.79735,0.67873,0.65292,0.67629,0.41194,1.42142,1.41822,1.83375,0.000278562,0.000278562,0.000278562
159,35142,1.57268,1.92982,1.85726,0.83065,0.56518,0.67207,0.41099,1.42432,1.40965,1.87958,0.000272375,0.000272375,0.000272375
160,35362.3,1.48656,1.9026,1.79648,0.73062,0.63222,0.678,0.42307,1.37379,1.4518,1.8264,0.000266187,0.000266187,0.000266187
161,35584.2,1.57613,1.95796,1.84381,0.75553,0.53263,0.63927,0.40847,1.3691,1.42089,1.80118,0.00026,0.00026,0.00026
162,35805,1.53227,1.86824,1.82469,0.67727,0.62023,0.66295,0.41668,1.34409,1.4368,1.77606,0.000253812,0.000253812,0.000253812
163,36025.4,1.5191,1.91345,1.79252,0.71734,0.61139,0.66962,0.41498,1.36993,1.43315,1.84243,0.000247625,0.000247625,0.000247625
164,36246.8,1.5405,1.80895,1.81725,0.81118,0.59401,0.67601,0.42038,1.38122,1.39683,1.81709,0.000241438,0.000241438,0.000241438
165,36468.2,1.51512,1.90533,1.83102,0.82983,0.6213,0.69188,0.42752,1.41168,1.36078,1.85024,0.00023525,0.00023525,0.00023525
166,36689.8,1.49532,1.79908,1.80846,0.75058,0.62903,0.69001,0.4265,1.40724,1.33979,1.83582,0.000229063,0.000229063,0.000229063
167,36910.9,1.55336,1.87754,1.84423,0.75783,0.66988,0.6905,0.42526,1.41609,1.35931,1.84543,0.000222875,0.000222875,0.000222875
168,37131.5,1.5631,1.89321,1.85875,0.71847,0.62285,0.66026,0.42031,1.38615,1.3413,1.81775,0.000216688,0.000216688,0.000216688
169,37353.3,1.54131,1.87601,1.83978,0.81845,0.59112,0.698,0.43661,1.36972,1.36697,1.82346,0.0002105,0.0002105,0.0002105
170,37572.9,1.52556,1.8618,1.81615,0.8508,0.60182,0.70451,0.44168,1.38011,1.32761,1.7973,0.000204313,0.000204313,0.000204313
171,37794.4,1.46942,1.82889,1.78182,0.7994,0.60253,0.69207,0.44569,1.36178,1.33821,1.80729,0.000198125,0.000198125,0.000198125
172,38016.1,1.47516,1.84386,1.79915,0.73719,0.66667,0.69948,0.43869,1.32444,1.30932,1.76342,0.000191938,0.000191938,0.000191938
173,38237.2,1.4781,1.73211,1.77967,0.73793,0.64986,0.69237,0.43542,1.34367,1.30876,1.79128,0.00018575,0.00018575,0.00018575
174,38458.5,1.48058,1.83289,1.76998,0.75743,0.62861,0.71337,0.44666,1.33775,1.30042,1.77703,0.000179563,0.000179563,0.000179563
175,38679.9,1.4837,1.80177,1.78173,0.72649,0.64236,0.715,0.45869,1.2985,1.29803,1.75674,0.000173375,0.000173375,0.000173375
176,38900.5,1.46206,1.82385,1.7775,0.74466,0.65972,0.70686,0.45626,1.31849,1.29728,1.77545,0.000167188,0.000167188,0.000167188
177,39121.9,1.45669,1.71907,1.77515,0.73775,0.65768,0.70163,0.44776,1.32941,1.30671,1.80094,0.000161,0.000161,0.000161
178,39342.1,1.45333,1.72725,1.7698,0.82657,0.66,0.71575,0.46602,1.37077,1.28359,1.83664,0.000154812,0.000154812,0.000154812
179,39563,1.45626,1.66609,1.76104,0.68763,0.66356,0.70925,0.46265,1.34438,1.29797,1.81971,0.000148625,0.000148625,0.000148625
180,39784.6,1.47383,1.77787,1.78754,0.75814,0.66075,0.71874,0.45773,1.33333,1.29767,1.82025,0.000142437,0.000142437,0.000142437
181,40004.8,1.45649,1.75894,1.76876,0.72188,0.66521,0.71288,0.45645,1.34585,1.28085,1.81691,0.00013625,0.00013625,0.00013625
182,40225.8,1.43417,1.75658,1.76415,0.74012,0.67649,0.71925,0.46305,1.31,1.28391,1.76977,0.000130062,0.000130062,0.000130062
183,40445.6,1.48032,1.75813,1.80198,0.74529,0.65906,0.69937,0.45509,1.29912,1.29936,1.75297,0.000123875,0.000123875,0.000123875
184,40667,1.48552,1.76118,1.78007,0.76814,0.65625,0.70477,0.46019,1.27606,1.31125,1.71885,0.000117687,0.000117687,0.000117687
185,40888.8,1.46884,1.83666,1.76215,0.78535,0.65278,0.71085,0.46233,1.27443,1.28915,1.72345,0.0001115,0.0001115,0.0001115
186,41109.1,1.46192,1.87438,1.76968,0.80059,0.68028,0.72568,0.47018,1.28061,1.26651,1.73737,0.000105312,0.000105312,0.000105312
187,41330.7,1.4589,1.71802,1.75998,0.68792,0.66986,0.70243,0.45898,1.25978,1.29608,1.72225,9.9125e-05,9.9125e-05,9.9125e-05
188,41551.1,1.45676,1.79027,1.78836,0.79274,0.63393,0.71286,0.46373,1.26832,1.26791,1.71288,9.29375e-05,9.29375e-05,9.29375e-05
189,41771.5,1.44255,1.7659,1.7491,0.73751,0.63255,0.70377,0.46021,1.2522,1.26384,1.71269,8.675e-05,8.675e-05,8.675e-05
190,41991.9,1.42979,1.83147,1.74456,0.77752,0.63903,0.70028,0.46737,1.25982,1.27588,1.71341,8.05625e-05,8.05625e-05,8.05625e-05
191,42213.9,1.2563,1.34716,1.61324,0.80823,0.65922,0.71525,0.47236,1.24077,1.27073,1.68799,7.4375e-05,7.4375e-05,7.4375e-05
192,42435.2,1.2531,1.29106,1.58083,0.81758,0.66648,0.72891,0.47604,1.23266,1.25392,1.69268,6.81875e-05,6.81875e-05,6.81875e-05
193,42657.1,1.26923,1.27457,1.63463,0.78122,0.65737,0.73386,0.48376,1.23256,1.24538,1.69113,6.2e-05,6.2e-05,6.2e-05
194,42877.9,1.21727,1.24901,1.57535,0.77818,0.67681,0.73874,0.4865,1.2439,1.22842,1.69795,5.58125e-05,5.58125e-05,5.58125e-05
195,43099,1.2784,1.30555,1.63126,0.82613,0.66257,0.73726,0.48129,1.25488,1.23612,1.7047,4.9625e-05,4.9625e-05,4.9625e-05
196,43319.7,1.23534,1.28945,1.59556,0.85418,0.6631,0.73897,0.48458,1.25005,1.24015,1.69773,4.34375e-05,4.34375e-05,4.34375e-05
197,43540.3,1.23136,1.24001,1.58717,0.84121,0.66667,0.73595,0.48853,1.23343,1.24864,1.68008,3.725e-05,3.725e-05,3.725e-05
198,43762.1,1.23054,1.23257,1.58623,0.86743,0.67191,0.73757,0.48709,1.23258,1.24185,1.68286,3.10625e-05,3.10625e-05,3.10625e-05
199,43982,1.27621,1.23141,1.62748,0.86208,0.67845,0.74466,0.49714,1.22196,1.23767,1.67067,2.4875e-05,2.4875e-05,2.4875e-05
200,44202.9,1.23056,1.26975,1.60355,0.87449,0.67708,0.74981,0.5,1.2196,1.23467,1.66866,1.86875e-05,1.86875e-05,1.86875e-05
